category,keyword
오늘,오늘 웃었던 이유 기억나?
오늘,오늘 아침 기억나?
오늘,오늘 가장 기분 좋았던 순간 기억나?
오늘,오늘 가장 기분 좋았던 순간 기억나?
오늘,오늘 만난 사람 기억나?
오늘,오늘 점심 기억나?
오늘,오늘 힘들었던 일 기억나?
오늘,오늘 저녁 기억나?
오늘,오늘 가장 기분 좋았던 순간 기억나?
오늘,오늘 점심 기억나?
오늘,오늘 아침 기억나?
오늘,오늘 아침 기억나?
오늘,오늘 가장 기분 좋았던 순간 기억나?
오늘,오늘 가장 기분 좋았던 순간 기억나?
오늘,오늘 점심 기억나?
오늘,오늘 저녁 기억나?
오늘,오늘 웃었던 이유 기억나?
오늘,오늘 저녁 기억나?
오늘,오늘 힘들었던 일 기억나?
오늘,오늘 저녁 기억나?
오늘,오늘 점심 기억나?
오늘,오늘 힘들었던 일 기억나?
오늘,오늘 점심 기억나?
오늘,오늘 가장 기분 좋았던 순간 기억나?
오늘,오늘 점심 기억나?
오늘,오늘 점심 기억나?
오늘,오늘 웃었던 이유 기억나?
오늘,오늘 점심 기억나?
오늘,오늘 웃었던 이유 기억나?
오늘,오늘 만난 사람 기억나?
오늘,오늘 만난 사람 기억나?
오늘,오늘 점심 기억나?
오늘,오늘 만난 사람 기억나?
오늘,오늘 아침 기억나?
오늘,오늘 점심 기억나?
오늘,오늘 웃었던 이유 기억나?
오늘,오늘 힘들었던 일 기억나?
오늘,오늘 저녁 기억나?
오늘,오늘 웃었던 이유 기억나?
오늘,오늘 웃었던 이유 기억나?
오늘,오늘 웃었던 이유 기억나?
오늘,오늘 아침 기억나?
오늘,오늘 저녁 기억나?
오늘,오늘 저녁 기억나?
오늘,오늘 힘들었던 일 기억나?
오늘,오늘 점심 기억나?
오늘,오늘 웃었던 이유 기억나?
오늘,오늘 아침 기억나?
오늘,오늘 만난 사람 기억나?
오늘,오늘 점심 기억나?
오늘,오늘 점심 기억나?
오늘,오늘 가장 기분 좋았던 순간 기억나?
오늘,오늘 힘들었던 일 기억나?
오늘,오늘 저녁 기억나?
오늘,오늘 저녁 기억나?
오늘,오늘 웃었던 이유 기억나?
오늘,오늘 힘들었던 일 기억나?
오늘,오늘 가장 기분 좋았던 순간 기억나?
오늘,오늘 만난 사람 기억나?
오늘,오늘 아침 기억나?
오늘,오늘 저녁 기억나?
오늘,오늘 점심 기억나?
오늘,오늘 점심 기억나?
오늘,오늘 힘들었던 일 기억나?
오늘,오늘 아침 기억나?
오늘,오늘 아침 기억나?
오늘,오늘 아침 기억나?
오늘,오늘 점심 기억나?
오늘,오늘 점심 기억나?
오늘,오늘 힘들었던 일 기억나?
오늘,오늘 점심 기억나?
오늘,오늘 가장 기분 좋았던 순간 기억나?
오늘,오늘 힘들었던 일 기억나?
오늘,오늘 저녁 기억나?
오늘,오늘 저녁 기억나?
오늘,오늘 저녁 기억나?
오늘,오늘 아침 기억나?
오늘,오늘 점심 기억나?
오늘,오늘 가장 기분 좋았던 순간 기억나?
오늘,오늘 가장 기분 좋았던 순간 기억나?
오늘,오늘 저녁 기억나?
오늘,오늘 점심 기억나?
오늘,오늘 만난 사람 기억나?
오늘,오늘 가장 기분 좋았던 순간 기억나?
오늘,오늘 아침 기억나?
오늘,오늘 저녁 기억나?
오늘,오늘 저녁 기억나?
오늘,오늘 아침 기억나?
오늘,오늘 가장 기분 좋았던 순간 기억나?
오늘,오늘 웃었던 이유 기억나?
오늘,오늘 점심 기억나?
오늘,오늘 힘들었던 일 기억나?
오늘,오늘 아침 기억나?
오늘,오늘 만난 사람 기억나?
오늘,오늘 만난 사람 기억나?
오늘,오늘 저녁 기억나?
오늘,오늘 아침 기억나?
오늘,오늘 힘들었던 일 기억나?
오늘,오늘 만난 사람 기억나?
오늘,오늘 저녁 기억나?
이번 주,이번 주에 들은 이야기 기억나?
이번 주,이번 주 감정 변화 기억나?
이번 주,이번 주에 들은 이야기 기억나?
이번 주,이번 주 가장 기억나는 순간
이번 주,이번 주 감정 변화 기억나?
이번 주,이번 주 만난 사람 기억나?
이번 주,이번 주에 다녀온 곳 기억나?
이번 주,이번 주 가장 기억나는 순간
이번 주,이번 주 가장 기억나는 순간
이번 주,이번 주 가장 기억나는 순간
이번 주,이번 주 감정 변화 기억나?
이번 주,이번 주 감정 변화 기억나?
이번 주,이번 주 가장 기억나는 순간
이번 주,이번 주 감정 변화 기억나?
이번 주,이번 주에 들은 이야기 기억나?
이번 주,이번 주 만난 사람 기억나?
이번 주,이번 주에 다녀온 곳 기억나?
이번 주,이번 주 감정 변화 기억나?
이번 주,이번 주에 들은 이야기 기억나?
이번 주,이번 주에 들은 이야기 기억나?
이번 주,이번 주 감정 변화 기억나?
이번 주,이번 주에 들은 이야기 기억나?
이번 주,이번 주에 다녀온 곳 기억나?
이번 주,이번 주 가장 기억나는 순간
이번 주,이번 주 만난 사람 기억나?
이번 주,이번 주 만난 사람 기억나?
이번 주,이번 주 만난 사람 기억나?
이번 주,이번 주 감정 변화 기억나?
이번 주,이번 주에 들은 이야기 기억나?
이번 주,이번 주에 다녀온 곳 기억나?
이번 주,이번 주 가장 기억나는 순간
이번 주,이번 주에 들은 이야기 기억나?
이번 주,이번 주에 다녀온 곳 기억나?
이번 주,이번 주 가장 기억나는 순간
이번 주,이번 주 감정 변화 기억나?
이번 주,이번 주에 다녀온 곳 기억나?
이번 주,이번 주 만난 사람 기억나?
이번 주,이번 주 만난 사람 기억나?
이번 주,이번 주에 들은 이야기 기억나?
이번 주,이번 주에 들은 이야기 기억나?
이번 주,이번 주 만난 사람 기억나?
이번 주,이번 주에 들은 이야기 기억나?
이번 주,이번 주 가장 기억나는 순간
이번 주,이번 주에 다녀온 곳 기억나?
이번 주,이번 주 감정 변화 기억나?
이번 주,이번 주에 다녀온 곳 기억나?
이번 주,이번 주 가장 기억나는 순간
이번 주,이번 주 만난 사람 기억나?
이번 주,이번 주 감정 변화 기억나?
이번 주,이번 주에 들은 이야기 기억나?
이번 주,이번 주에 다녀온 곳 기억나?
이번 주,이번 주 만난 사람 기억나?
이번 주,이번 주 감정 변화 기억나?
이번 주,이번 주에 들은 이야기 기억나?
이번 주,이번 주에 다녀온 곳 기억나?
이번 주,이번 주에 다녀온 곳 기억나?
이번 주,이번 주 만난 사람 기억나?
이번 주,이번 주 가장 기억나는 순간
이번 주,이번 주 만난 사람 기억나?
이번 주,이번 주에 다녀온 곳 기억나?
이번 주,이번 주 가장 기억나는 순간
이번 주,이번 주 가장 기억나는 순간
이번 주,이번 주 가장 기억나는 순간
이번 주,이번 주에 다녀온 곳 기억나?
이번 주,이번 주에 들은 이야기 기억나?
이번 주,이번 주에 들은 이야기 기억나?
이번 주,이번 주에 들은 이야기 기억나?
이번 주,이번 주에 다녀온 곳 기억나?
이번 주,이번 주에 다녀온 곳 기억나?
이번 주,이번 주에 다녀온 곳 기억나?
이번 주,이번 주 만난 사람 기억나?
이번 주,이번 주에 들은 이야기 기억나?
이번 주,이번 주 가장 기억나는 순간
이번 주,이번 주 가장 기억나는 순간
이번 주,이번 주 가장 기억나는 순간
이번 주,이번 주 만난 사람 기억나?
이번 주,이번 주에 들은 이야기 기억나?
이번 주,이번 주 만난 사람 기억나?
이번 주,이번 주 만난 사람 기억나?
이번 주,이번 주 감정 변화 기억나?
이번 주,이번 주 감정 변화 기억나?
이번 주,이번 주 감정 변화 기억나?
이번 주,이번 주 가장 기억나는 순간
이번 주,이번 주 감정 변화 기억나?
이번 주,이번 주 만난 사람 기억나?
이번 주,이번 주 감정 변화 기억나?
이번 주,이번 주에 들은 이야기 기억나?
이번 주,이번 주에 들은 이야기 기억나?
이번 주,이번 주에 다녀온 곳 기억나?
이번 주,이번 주 가장 기억나는 순간
이번 주,이번 주에 들은 이야기 기억나?
이번 주,이번 주 가장 기억나는 순간
이번 주,이번 주에 다녀온 곳 기억나?
이번 주,이번 주 가장 기억나는 순간
이번 주,이번 주 만난 사람 기억나?
이번 주,이번 주에 다녀온 곳 기억나?
이번 주,이번 주 가장 기억나는 순간
이번 주,이번 주에 다녀온 곳 기억나?
이번 주,이번 주 만난 사람 기억나?
이번 주,이번 주 감정 변화 기억나?
최근 명절/행사,최근 가족과 함께한 시간 기억나?
최근 명절/행사,최근 축하받은 기억
최근 명절/행사,최근 명절 음식 기억나?
최근 명절/행사,최근 축하받은 기억
최근 명절/행사,최근 축하받은 기억
최근 명절/행사,최근 모임에서 기억나?
최근 명절/행사,최근 명절 음식 기억나?
최근 명절/행사,최근 명절 음식 기억나?
최근 명절/행사,최근 축하받은 기억
최근 명절/행사,최근 명절 음식 기억나?
최근 명절/행사,최근 축하받은 기억
최근 명절/행사,최근 가족과 함께한 시간 기억나?
최근 명절/행사,최근 생일 기억나?
최근 명절/행사,최근 가족과 함께한 시간 기억나?
최근 명절/행사,최근 명절 음식 기억나?
최근 명절/행사,최근 축하받은 기억
최근 명절/행사,최근 명절 음식 기억나?
최근 명절/행사,최근 모임에서 기억나?
최근 명절/행사,최근 가족과 함께한 시간 기억나?
최근 명절/행사,최근 축하받은 기억
최근 명절/행사,최근 가족과 함께한 시간 기억나?
최근 명절/행사,최근 모임에서 기억나?
최근 명절/행사,최근 명절 음식 기억나?
최근 명절/행사,최근 축하받은 기억
최근 명절/행사,최근 명절 음식 기억나?
최근 명절/행사,최근 명절 음식 기억나?
최근 명절/행사,최근 모임에서 기억나?
최근 명절/행사,최근 명절 음식 기억나?
최근 명절/행사,최근 가족과 함께한 시간 기억나?
최근 명절/행사,최근 명절 음식 기억나?
최근 명절/행사,최근 모임에서 기억나?
최근 명절/행사,최근 축하받은 기억
최근 명절/행사,최근 축하받은 기억
최근 명절/행사,최근 생일 기억나?
최근 명절/행사,최근 모임에서 기억나?
최근 명절/행사,최근 모임에서 기억나?
최근 명절/행사,최근 생일 기억나?
최근 명절/행사,최근 축하받은 기억
최근 명절/행사,최근 축하받은 기억
최근 명절/행사,최근 명절 음식 기억나?
최근 명절/행사,최근 가족과 함께한 시간 기억나?
최근 명절/행사,최근 축하받은 기억
최근 명절/행사,최근 생일 기억나?
최근 명절/행사,최근 가족과 함께한 시간 기억나?
최근 명절/행사,최근 가족과 함께한 시간 기억나?
최근 명절/행사,최근 생일 기억나?
최근 명절/행사,최근 생일 기억나?
최근 명절/행사,최근 명절 음식 기억나?
최근 명절/행사,최근 모임에서 기억나?
최근 명절/행사,최근 모임에서 기억나?
최근 명절/행사,최근 모임에서 기억나?
최근 명절/행사,최근 축하받은 기억
최근 명절/행사,최근 가족과 함께한 시간 기억나?
최근 명절/행사,최근 가족과 함께한 시간 기억나?
최근 명절/행사,최근 가족과 함께한 시간 기억나?
최근 명절/행사,최근 모임에서 기억나?
최근 명절/행사,최근 명절 음식 기억나?
최근 명절/행사,최근 명절 음식 기억나?
최근 명절/행사,최근 축하받은 기억
최근 명절/행사,최근 생일 기억나?
최근 명절/행사,최근 가족과 함께한 시간 기억나?
최근 명절/행사,최근 모임에서 기억나?
최근 명절/행사,최근 생일 기억나?
최근 명절/행사,최근 생일 기억나?
최근 명절/행사,최근 축하받은 기억
최근 명절/행사,최근 가족과 함께한 시간 기억나?
최근 명절/행사,최근 가족과 함께한 시간 기억나?
최근 명절/행사,최근 모임에서 기억나?
최근 명절/행사,최근 생일 기억나?
최근 명절/행사,최근 모임에서 기억나?
최근 명절/행사,최근 축하받은 기억
최근 명절/행사,최근 축하받은 기억
최근 명절/행사,최근 가족과 함께한 시간 기억나?
최근 명절/행사,최근 모임에서 기억나?
최근 명절/행사,최근 생일 기억나?
최근 명절/행사,최근 명절 음식 기억나?
최근 명절/행사,최근 가족과 함께한 시간 기억나?
최근 명절/행사,최근 가족과 함께한 시간 기억나?
최근 명절/행사,최근 생일 기억나?
최근 명절/행사,최근 가족과 함께한 시간 기억나?
최근 명절/행사,최근 축하받은 기억
최근 명절/행사,최근 축하받은 기억
최근 명절/행사,최근 생일 기억나?
최근 명절/행사,최근 생일 기억나?
최근 명절/행사,최근 생일 기억나?
최근 명절/행사,최근 명절 음식 기억나?
최근 명절/행사,최근 생일 기억나?
최근 명절/행사,최근 가족과 함께한 시간 기억나?
최근 명절/행사,최근 축하받은 기억
최근 명절/행사,최근 축하받은 기억
최근 명절/행사,최근 명절 음식 기억나?
최근 명절/행사,최근 가족과 함께한 시간 기억나?
최근 명절/행사,최근 가족과 함께한 시간 기억나?
최근 명절/행사,최근 명절 음식 기억나?
최근 명절/행사,최근 생일 기억나?
최근 명절/행사,최근 생일 기억나?
최근 명절/행사,최근 명절 음식 기억나?
최근 명절/행사,최근 모임에서 기억나?
최근 명절/행사,최근 가족과 함께한 시간 기억나?
최근 명절/행사,최근 모임에서 기억나?
청년기,첫 실패 기억나?
청년기,자취할 때 기억나?
청년기,자취할 때 기억나?
청년기,첫 직장 기억나?
청년기,자취할 때 기억나?
청년기,친구들과 밤새 얘기한 날 기억나?
청년기,첫 직장 기억나?
청년기,첫 직장 기억나?
청년기,첫 직장 기억나?
청년기,첫 실패 기억나?
청년기,친구들과 밤새 얘기한 날 기억나?
청년기,자취할 때 기억나?
청년기,대학생 때 기억나?
청년기,친구들과 밤새 얘기한 날 기억나?
청년기,첫 실패 기억나?
청년기,대학생 때 기억나?
청년기,첫 직장 기억나?
청년기,첫 연애 기억나?
청년기,첫 직장 기억나?
청년기,대학생 때 기억나?
청년기,첫 직장 기억나?
청년기,첫 직장 기억나?
청년기,혼자 여행한 기억
청년기,첫 실패 기억나?
청년기,대학생 때 기억나?
청년기,친구들과 밤새 얘기한 날 기억나?
청년기,친구들과 밤새 얘기한 날 기억나?
청년기,혼자 여행한 기억
청년기,혼자 여행한 기억
청년기,혼자 여행한 기억
청년기,첫 직장 기억나?
청년기,자취할 때 기억나?
청년기,대학생 때 기억나?
청년기,대학생 때 기억나?
청년기,혼자 여행한 기억
청년기,첫 직장 기억나?
청년기,혼자 여행한 기억
청년기,첫 실패 기억나?
청년기,혼자 여행한 기억
청년기,첫 연애 기억나?
청년기,대학생 때 기억나?
청년기,첫 실패 기억나?
청년기,첫 직장 기억나?
청년기,첫 실패 기억나?
청년기,자취할 때 기억나?
청년기,첫 실패 기억나?
청년기,첫 실패 기억나?
청년기,대학생 때 기억나?
청년기,혼자 여행한 기억
청년기,자취할 때 기억나?
청년기,첫 연애 기억나?
청년기,첫 실패 기억나?
청년기,첫 연애 기억나?
청년기,첫 직장 기억나?
청년기,혼자 여행한 기억
청년기,첫 연애 기억나?
청년기,첫 실패 기억나?
청년기,혼자 여행한 기억
청년기,첫 직장 기억나?
청년기,대학생 때 기억나?
청년기,첫 실패 기억나?
청년기,친구들과 밤새 얘기한 날 기억나?
청년기,대학생 때 기억나?
청년기,친구들과 밤새 얘기한 날 기억나?
청년기,대학생 때 기억나?
청년기,첫 연애 기억나?
청년기,첫 직장 기억나?
청년기,첫 실패 기억나?
청년기,혼자 여행한 기억
청년기,대학생 때 기억나?
청년기,자취할 때 기억나?
청년기,첫 실패 기억나?
청년기,친구들과 밤새 얘기한 날 기억나?
청년기,첫 연애 기억나?
청년기,대학생 때 기억나?
청년기,첫 실패 기억나?
청년기,친구들과 밤새 얘기한 날 기억나?
청년기,친구들과 밤새 얘기한 날 기억나?
청년기,첫 연애 기억나?
청년기,첫 직장 기억나?
청년기,첫 직장 기억나?
청년기,대학생 때 기억나?
청년기,자취할 때 기억나?
청년기,혼자 여행한 기억
청년기,첫 실패 기억나?
청년기,친구들과 밤새 얘기한 날 기억나?
청년기,혼자 여행한 기억
청년기,첫 직장 기억나?
청년기,자취할 때 기억나?
청년기,혼자 여행한 기억
청년기,자취할 때 기억나?
청년기,첫 실패 기억나?
청년기,혼자 여행한 기억
청년기,자취할 때 기억나?
청년기,첫 실패 기억나?
청년기,친구들과 밤새 얘기한 날 기억나?
청년기,친구들과 밤새 얘기한 날 기억나?
청년기,첫 실패 기억나?
청년기,혼자 여행한 기억
청년기,첫 연애 기억나?
중고등학교,첫 짝사랑 기억나?
중고등학교,선생님 목소리 기억나?
중고등학교,친구랑 다퉜던 일 기억나?
중고등학교,수학여행 기억나?
중고등학교,교복 입은 기억
중고등학교,시험 망친 날 기억나?
중고등학교,급식 기억나?
중고등학교,급식 기억나?
중고등학교,선생님 목소리 기억나?
중고등학교,첫 짝사랑 기억나?
중고등학교,수학여행 기억나?
중고등학교,교복 입은 기억
중고등학교,친구랑 다퉜던 일 기억나?
중고등학교,시험 망친 날 기억나?
중고등학교,첫 짝사랑 기억나?
중고등학교,선생님 목소리 기억나?
중고등학교,선생님 목소리 기억나?
중고등학교,선생님 목소리 기억나?
중고등학교,시험 망친 날 기억나?
중고등학교,첫 짝사랑 기억나?
중고등학교,급식 기억나?
중고등학교,수학여행 기억나?
중고등학교,첫 짝사랑 기억나?
중고등학교,첫 짝사랑 기억나?
중고등학교,선생님 목소리 기억나?
중고등학교,교복 입은 기억
중고등학교,첫 짝사랑 기억나?
중고등학교,시험 망친 날 기억나?
중고등학교,친구랑 다퉜던 일 기억나?
중고등학교,시험 망친 날 기억나?
중고등학교,급식 기억나?
중고등학교,수학여행 기억나?
중고등학교,수학여행 기억나?
중고등학교,친구랑 다퉜던 일 기억나?
중고등학교,교복 입은 기억
중고등학교,선생님 목소리 기억나?
중고등학교,친구랑 다퉜던 일 기억나?
중고등학교,수학여행 기억나?
중고등학교,첫 짝사랑 기억나?
중고등학교,교복 입은 기억
중고등학교,친구랑 다퉜던 일 기억나?
중고등학교,첫 짝사랑 기억나?
중고등학교,교복 입은 기억
중고등학교,시험 망친 날 기억나?
중고등학교,수학여행 기억나?
중고등학교,교복 입은 기억
중고등학교,첫 짝사랑 기억나?
중고등학교,선생님 목소리 기억나?
중고등학교,급식 기억나?
중고등학교,시험 망친 날 기억나?
중고등학교,첫 짝사랑 기억나?
중고등학교,급식 기억나?
중고등학교,시험 망친 날 기억나?
중고등학교,교복 입은 기억
중고등학교,친구랑 다퉜던 일 기억나?
중고등학교,급식 기억나?
중고등학교,수학여행 기억나?
중고등학교,급식 기억나?
중고등학교,친구랑 다퉜던 일 기억나?
중고등학교,급식 기억나?
중고등학교,친구랑 다퉜던 일 기억나?
중고등학교,첫 짝사랑 기억나?
중고등학교,교복 입은 기억
중고등학교,선생님 목소리 기억나?
중고등학교,급식 기억나?
중고등학교,교복 입은 기억
중고등학교,수학여행 기억나?
중고등학교,수학여행 기억나?
중고등학교,교복 입은 기억
중고등학교,친구랑 다퉜던 일 기억나?
중고등학교,시험 망친 날 기억나?
중고등학교,시험 망친 날 기억나?
중고등학교,급식 기억나?
중고등학교,급식 기억나?
중고등학교,수학여행 기억나?
중고등학교,수학여행 기억나?
중고등학교,첫 짝사랑 기억나?
중고등학교,교복 입은 기억
중고등학교,친구랑 다퉜던 일 기억나?
중고등학교,교복 입은 기억
중고등학교,친구랑 다퉜던 일 기억나?
중고등학교,친구랑 다퉜던 일 기억나?
중고등학교,급식 기억나?
중고등학교,친구랑 다퉜던 일 기억나?
중고등학교,수학여행 기억나?
중고등학교,친구랑 다퉜던 일 기억나?
중고등학교,시험 망친 날 기억나?
중고등학교,친구랑 다퉜던 일 기억나?
중고등학교,급식 기억나?
중고등학교,수학여행 기억나?
중고등학교,수학여행 기억나?
중고등학교,수학여행 기억나?
중고등학교,시험 망친 날 기억나?
중고등학교,수학여행 기억나?
중고등학교,시험 망친 날 기억나?
중고등학교,수학여행 기억나?
중고등학교,친구랑 다퉜던 일 기억나?
중고등학교,수학여행 기억나?
중고등학교,교복 입은 기억
중고등학교,선생님 목소리 기억나?
초등학교,첫 발표 기억나?
초등학교,점심시간 놀던 장소 기억나?
초등학교,기억나는 친구 이름
초등학교,점심시간 놀던 장소 기억나?
초등학교,좋아했던 과목 기억나?
초등학교,소풍 기억나?
초등학교,소풍 기억나?
초등학교,점심시간 놀던 장소 기억나?
초등학교,점심시간 놀던 장소 기억나?
초등학교,운동회 기억나?
초등학교,기억나는 친구 이름
초등학교,좋아했던 과목 기억나?
초등학교,첫 발표 기억나?
초등학교,점심시간 놀던 장소 기억나?
초등학교,학예회 기억나?
초등학교,점심시간 놀던 장소 기억나?
초등학교,기억나는 친구 이름
초등학교,운동회 기억나?
초등학교,좋아했던 과목 기억나?
초등학교,학예회 기억나?
초등학교,점심시간 놀던 장소 기억나?
초등학교,소풍 기억나?
초등학교,점심시간 놀던 장소 기억나?
초등학교,소풍 기억나?
초등학교,좋아했던 과목 기억나?
초등학교,기억나는 친구 이름
초등학교,첫 발표 기억나?
초등학교,좋아했던 과목 기억나?
초등학교,운동회 기억나?
초등학교,운동회 기억나?
초등학교,첫 발표 기억나?
초등학교,학예회 기억나?
초등학교,학예회 기억나?
초등학교,기억나는 친구 이름
초등학교,소풍 기억나?
초등학교,소풍 기억나?
초등학교,좋아했던 과목 기억나?
초등학교,점심시간 놀던 장소 기억나?
초등학교,첫 발표 기억나?
초등학교,운동회 기억나?
초등학교,첫 발표 기억나?
초등학교,좋아했던 과목 기억나?
초등학교,좋아했던 과목 기억나?
초등학교,운동회 기억나?
초등학교,기억나는 친구 이름
초등학교,학예회 기억나?
초등학교,소풍 기억나?
초등학교,점심시간 놀던 장소 기억나?
초등학교,좋아했던 과목 기억나?
초등학교,점심시간 놀던 장소 기억나?
초등학교,학예회 기억나?
초등학교,소풍 기억나?
초등학교,운동회 기억나?
초등학교,소풍 기억나?
초등학교,학예회 기억나?
초등학교,학예회 기억나?
초등학교,점심시간 놀던 장소 기억나?
초등학교,소풍 기억나?
초등학교,운동회 기억나?
초등학교,소풍 기억나?
초등학교,기억나는 친구 이름
초등학교,점심시간 놀던 장소 기억나?
초등학교,좋아했던 과목 기억나?
초등학교,기억나는 친구 이름
초등학교,학예회 기억나?
초등학교,소풍 기억나?
초등학교,소풍 기억나?
초등학교,학예회 기억나?
초등학교,점심시간 놀던 장소 기억나?
초등학교,운동회 기억나?
초등학교,첫 발표 기억나?
초등학교,운동회 기억나?
초등학교,기억나는 친구 이름
초등학교,소풍 기억나?
초등학교,소풍 기억나?
초등학교,소풍 기억나?
초등학교,첫 발표 기억나?
초등학교,기억나는 친구 이름
초등학교,학예회 기억나?
초등학교,운동회 기억나?
초등학교,소풍 기억나?
초등학교,점심시간 놀던 장소 기억나?
초등학교,좋아했던 과목 기억나?
초등학교,기억나는 친구 이름
초등학교,소풍 기억나?
초등학교,학예회 기억나?
초등학교,점심시간 놀던 장소 기억나?
초등학교,기억나는 친구 이름
초등학교,점심시간 놀던 장소 기억나?
초등학교,운동회 기억나?
초등학교,학예회 기억나?
초등학교,점심시간 놀던 장소 기억나?
초등학교,기억나는 친구 이름
초등학교,좋아했던 과목 기억나?
초등학교,점심시간 놀던 장소 기억나?
초등학교,운동회 기억나?
초등학교,좋아했던 과목 기억나?
초등학교,좋아했던 과목 기억나?
초등학교,기억나는 친구 이름
초등학교,기억나는 친구 이름
어린 시절/유아기,TV 만화 기억나?
어린 시절/유아기,엄마가 자주 해주던 말 기억나?
어린 시절/유아기,할머니 집 기억나?
어린 시절/유아기,TV 만화 기억나?
어린 시절/유아기,할머니 집 기억나?
어린 시절/유아기,처음 울었던 이유 기억나?
어린 시절/유아기,유치원 선생님 기억나?
어린 시절/유아기,가장 좋아했던 장난감 기억나?
어린 시절/유아기,할머니 집 기억나?
어린 시절/유아기,처음 울었던 이유 기억나?
어린 시절/유아기,할머니 집 기억나?
어린 시절/유아기,유치원 선생님 기억나?
어린 시절/유아기,TV 만화 기억나?
어린 시절/유아기,가장 좋아했던 장난감 기억나?
어린 시절/유아기,할머니 집 기억나?
어린 시절/유아기,유치원 선생님 기억나?
어린 시절/유아기,TV 만화 기억나?
어린 시절/유아기,엄마가 자주 해주던 말 기억나?
어린 시절/유아기,엄마가 자주 해주던 말 기억나?
어린 시절/유아기,처음 사귄 친구 기억나?
어린 시절/유아기,처음 울었던 이유 기억나?
어린 시절/유아기,처음 사귄 친구 기억나?
어린 시절/유아기,처음 울었던 이유 기억나?
어린 시절/유아기,엄마가 자주 해주던 말 기억나?
어린 시절/유아기,할머니 집 기억나?
어린 시절/유아기,엄마가 자주 해주던 말 기억나?
어린 시절/유아기,가장 좋아했던 장난감 기억나?
어린 시절/유아기,처음 울었던 이유 기억나?
어린 시절/유아기,처음 사귄 친구 기억나?
어린 시절/유아기,처음 사귄 친구 기억나?
어린 시절/유아기,처음 사귄 친구 기억나?
어린 시절/유아기,가장 좋아했던 장난감 기억나?
어린 시절/유아기,할머니 집 기억나?
어린 시절/유아기,처음 울었던 이유 기억나?
어린 시절/유아기,가장 좋아했던 장난감 기억나?
어린 시절/유아기,유치원 선생님 기억나?
어린 시절/유아기,할머니 집 기억나?
어린 시절/유아기,가장 좋아했던 장난감 기억나?
어린 시절/유아기,엄마가 자주 해주던 말 기억나?
어린 시절/유아기,유치원 선생님 기억나?
어린 시절/유아기,처음 사귄 친구 기억나?
어린 시절/유아기,할머니 집 기억나?
어린 시절/유아기,할머니 집 기억나?
어린 시절/유아기,TV 만화 기억나?
어린 시절/유아기,TV 만화 기억나?
어린 시절/유아기,처음 사귄 친구 기억나?
어린 시절/유아기,TV 만화 기억나?
어린 시절/유아기,엄마가 자주 해주던 말 기억나?
어린 시절/유아기,유치원 선생님 기억나?
어린 시절/유아기,가장 좋아했던 장난감 기억나?
어린 시절/유아기,처음 울었던 이유 기억나?
어린 시절/유아기,TV 만화 기억나?
어린 시절/유아기,가장 좋아했던 장난감 기억나?
어린 시절/유아기,처음 사귄 친구 기억나?
어린 시절/유아기,유치원 선생님 기억나?
어린 시절/유아기,처음 울었던 이유 기억나?
어린 시절/유아기,TV 만화 기억나?
어린 시절/유아기,처음 사귄 친구 기억나?
어린 시절/유아기,처음 사귄 친구 기억나?
어린 시절/유아기,엄마가 자주 해주던 말 기억나?
어린 시절/유아기,할머니 집 기억나?
어린 시절/유아기,유치원 선생님 기억나?
어린 시절/유아기,할머니 집 기억나?
어린 시절/유아기,TV 만화 기억나?
어린 시절/유아기,할머니 집 기억나?
어린 시절/유아기,처음 울었던 이유 기억나?
어린 시절/유아기,처음 사귄 친구 기억나?
어린 시절/유아기,엄마가 자주 해주던 말 기억나?
어린 시절/유아기,처음 사귄 친구 기억나?
어린 시절/유아기,처음 울었던 이유 기억나?
어린 시절/유아기,엄마가 자주 해주던 말 기억나?
어린 시절/유아기,유치원 선생님 기억나?
어린 시절/유아기,처음 울었던 이유 기억나?
어린 시절/유아기,할머니 집 기억나?
어린 시절/유아기,할머니 집 기억나?
어린 시절/유아기,할머니 집 기억나?
어린 시절/유아기,할머니 집 기억나?
어린 시절/유아기,처음 울었던 이유 기억나?
어린 시절/유아기,처음 사귄 친구 기억나?
어린 시절/유아기,할머니 집 기억나?
어린 시절/유아기,처음 사귄 친구 기억나?
어린 시절/유아기,TV 만화 기억나?
어린 시절/유아기,가장 좋아했던 장난감 기억나?
어린 시절/유아기,TV 만화 기억나?
어린 시절/유아기,TV 만화 기억나?
어린 시절/유아기,할머니 집 기억나?
어린 시절/유아기,처음 사귄 친구 기억나?
어린 시절/유아기,처음 사귄 친구 기억나?
어린 시절/유아기,엄마가 자주 해주던 말 기억나?
어린 시절/유아기,처음 사귄 친구 기억나?
어린 시절/유아기,유치원 선생님 기억나?
어린 시절/유아기,TV 만화 기억나?
어린 시절/유아기,엄마가 자주 해주던 말 기억나?
어린 시절/유아기,할머니 집 기억나?
어린 시절/유아기,처음 사귄 친구 기억나?
어린 시절/유아기,처음 울었던 이유 기억나?
어린 시절/유아기,엄마가 자주 해주던 말 기억나?
어린 시절/유아기,TV 만화 기억나?
어린 시절/유아기,엄마가 자주 해주던 말 기억나?
어린 시절/유아기,처음 사귄 친구 기억나?
